<?xml version="1.0" encoding="UTF-8"?>
<project version="4">
  <component name="ArtifactsWorkspaceSettings">
    <artifacts-to-build>
      <artifact name="asclo:war exploded" />
    </artifacts-to-build>
  </component>
  <component name="ChangeListManager">
    <list default="true" id="59167f05-3414-4118-ade0-572d9332a6fb" name="Default Changelist" comment="" />
    <option name="EXCLUDED_CONVERTED_TO_IGNORED" value="true" />
    <option name="SHOW_DIALOG" value="false" />
    <option name="HIGHLIGHT_CONFLICTS" value="true" />
    <option name="HIGHLIGHT_NON_ACTIVE_CHANGELIST" value="false" />
    <option name="LAST_RESOLUTION" value="IGNORE" />
  </component>
  <component name="CoverageViewManager">
    <option name="myElementSize" value="201" />
  </component>
  <component name="DatabaseView">
    <option name="SHOW_INTERMEDIATE" value="true" />
    <option name="GROUP_DATA_SOURCES" value="true" />
    <option name="GROUP_SCHEMA" value="true" />
    <option name="GROUP_CONTENTS" value="false" />
    <option name="SORT_POSITIONED" value="false" />
    <option name="SHOW_EMPTY_GROUPS" value="false" />
    <option name="AUTO_SCROLL_FROM_SOURCE" value="false" />
    <option name="HIDDEN_KINDS">
      <set />
    </option>
    <expand />
    <select />
  </component>
  <component name="FileTemplateManagerImpl">
    <option name="RECENT_TEMPLATES">
      <list>
        <option value="jsf" />
        <option value="Jspx File" />
        <option value="Class" />
        <option value="Jsp File" />
      </list>
    </option>
  </component>
  <component name="LogFilters">
    <option name="FILTER_ERRORS" value="false" />
    <option name="FILTER_WARNINGS" value="false" />
    <option name="FILTER_INFO" value="true" />
    <option name="FILTER_DEBUG" value="true" />
    <option name="CUSTOM_FILTER" />
  </component>
  <component name="ProjectId" id="1TbO7V2GMpJQsdrnrnkoqhEPwiX" />
  <component name="PropertiesComponent">
    <property name="WebServerToolWindowFactoryState" value="false" />
    <property name="aspect.path.notification.shown" value="true" />
    <property name="findjar.last.used.dir" value="$PROJECT_DIR$/lib" />
    <property name="last_opened_file_path" value="$PROJECT_DIR$" />
    <property name="project.structure.last.edited" value="Project" />
    <property name="project.structure.proportion" value="0.15" />
    <property name="project.structure.side.proportion" value="0.2" />
    <property name="settings.editor.selected.configurable" value="preferences.pluginManager" />
  </component>
  <component name="RecentsManager">
    <key name="MoveFile.RECENT_KEYS">
      <recent name="C:\Users\owner\IdeaProjects\asclo\lib" />
      <recent name="C:\Users\owner\IdeaProjects\asclo\src" />
      <recent name="C:\Users\owner\IdeaProjects\asclo\web" />
    </key>
    <key name="CopyFile.RECENT_KEYS">
      <recent name="C:\Users\owner\IdeaProjects\asclo\web" />
    </key>
  </component>
  <component name="RunDashboard">
    <option name="ruleStates">
      <list>
        <RuleState>
          <option name="name" value="ConfigurationTypeDashboardGroupingRule" />
        </RuleState>
        <RuleState>
          <option name="name" value="StatusDashboardGroupingRule" />
        </RuleState>
      </list>
    </option>
  </component>
  <component name="RunManager">
    <configuration name="Tomcat 9.0.27" type="#com.intellij.j2ee.web.tomcat.TomcatRunConfigurationFactory" factoryName="Local" APPLICATION_SERVER_NAME="Tomcat 9.0.27" ALTERNATIVE_JRE_ENABLED="false" nameIsGenerated="true">
      <option name="BROWSER_ID" value="98ca6316-2f89-46d9-a9e5-fa9e2b0625b3" />
      <deployment>
        <artifact name="asclo:war exploded">
          <settings>
            <option name="CONTEXT_PATH" value="/" />
          </settings>
        </artifact>
      </deployment>
      <server-settings>
        <option name="BASE_DIRECTORY_NAME" value="Unnamed_asclo_2" />
        <option name="HTTP_PORT" value="8090" />
      </server-settings>
      <predefined_log_file enabled="true" id="Tomcat" />
      <predefined_log_file enabled="true" id="Tomcat Catalina" />
      <predefined_log_file id="Tomcat Manager" />
      <predefined_log_file id="Tomcat Host Manager" />
      <predefined_log_file id="Tomcat Localhost Access" />
      <RunnerSettings RunnerId="Debug">
        <option name="DEBUG_PORT" value="50529" />
      </RunnerSettings>
      <ConfigurationWrapper VM_VAR="JAVA_OPTS" RunnerId="Cover">
        <option name="USE_ENV_VARIABLES" value="true" />
        <STARTUP>
          <option name="USE_DEFAULT" value="true" />
          <option name="SCRIPT" value="" />
          <option name="VM_PARAMETERS" value="" />
          <option name="PROGRAM_PARAMETERS" value="" />
        </STARTUP>
        <SHUTDOWN>
          <option name="USE_DEFAULT" value="true" />
          <option name="SCRIPT" value="" />
          <option name="VM_PARAMETERS" value="" />
          <option name="PROGRAM_PARAMETERS" value="" />
        </SHUTDOWN>
      </ConfigurationWrapper>
      <ConfigurationWrapper VM_VAR="JAVA_OPTS" RunnerId="Debug">
        <option name="USE_ENV_VARIABLES" value="true" />
        <STARTUP>
          <option name="USE_DEFAULT" value="true" />
          <option name="SCRIPT" value="" />
          <option name="VM_PARAMETERS" value="" />
          <option name="PROGRAM_PARAMETERS" value="" />
        </STARTUP>
        <SHUTDOWN>
          <option name="USE_DEFAULT" value="true" />
          <option name="SCRIPT" value="" />
          <option name="VM_PARAMETERS" value="" />
          <option name="PROGRAM_PARAMETERS" value="" />
        </SHUTDOWN>
      </ConfigurationWrapper>
      <ConfigurationWrapper VM_VAR="JAVA_OPTS" RunnerId="Run">
        <option name="USE_ENV_VARIABLES" value="true" />
        <STARTUP>
          <option name="USE_DEFAULT" value="true" />
          <option name="SCRIPT" value="" />
          <option name="VM_PARAMETERS" value="" />
          <option name="PROGRAM_PARAMETERS" value="" />
        </STARTUP>
        <SHUTDOWN>
          <option name="USE_DEFAULT" value="true" />
          <option name="SCRIPT" value="" />
          <option name="VM_PARAMETERS" value="" />
          <option name="PROGRAM_PARAMETERS" value="" />
        </SHUTDOWN>
      </ConfigurationWrapper>
      <method v="2">
        <option name="Make" enabled="true" />
        <option name="BuildArtifacts" enabled="true">
          <artifact name="asclo:war exploded" />
        </option>
      </method>
    </configuration>
  </component>
  <component name="SvnConfiguration">
    <configuration />
  </component>
  <component name="TaskManager">
    <task active="true" id="Default" summary="Default task">
      <changelist id="59167f05-3414-4118-ade0-572d9332a6fb" name="Default Changelist" comment="" />
      <created>1573725160567</created>
      <option name="number" value="Default" />
      <option name="presentableId" value="Default" />
      <updated>1573725160567</updated>
      <workItem from="1573725163742" duration="655000" />
      <workItem from="1573725847908" duration="233000" />
      <workItem from="1573726129363" duration="446000" />
      <workItem from="1573726601063" duration="217000" />
      <workItem from="1573726833282" duration="714000" />
      <workItem from="1573727563559" duration="279000" />
      <workItem from="1573727860537" duration="469000" />
      <workItem from="1573728343359" duration="86000" />
      <workItem from="1573728513162" duration="2883000" />
      <workItem from="1573731420222" duration="2814000" />
      <workItem from="1573743075993" duration="136000" />
      <workItem from="1573772345237" duration="1908000" />
      <workItem from="1573774719445" duration="6355000" />
      <workItem from="1573785200693" duration="54000" />
      <workItem from="1573785275074" duration="5176000" />
      <workItem from="1573790483472" duration="193000" />
      <workItem from="1573792793864" duration="630000" />
      <workItem from="1573874031594" duration="282000" />
      <workItem from="1573957491691" duration="614000" />
      <workItem from="1573962772253" duration="1876000" />
      <workItem from="1573967818030" duration="98000" />
      <workItem from="1573968395172" duration="834000" />
      <workItem from="1573991750014" duration="599000" />
      <workItem from="1574034343790" duration="118000" />
      <workItem from="1574034572098" duration="5975000" />
      <workItem from="1574080850419" duration="56000" />
      <workItem from="1574080931888" duration="301000" />
      <workItem from="1574085587026" duration="60000" />
      <workItem from="1574085665852" duration="1666000" />
      <workItem from="1574118777943" duration="5163000" />
      <workItem from="1574150803419" duration="3677000" />
      <workItem from="1574155384038" duration="14000" />
      <workItem from="1574224625417" duration="1211000" />
      <workItem from="1574231357878" duration="2519000" />
      <workItem from="1574236423145" duration="1914000" />
      <workItem from="1574392580632" duration="2055000" />
      <workItem from="1574396417175" duration="1393000" />
      <workItem from="1574408787823" duration="205000" />
      <workItem from="1574409013295" duration="7414000" />
      <workItem from="1574469284735" duration="9816000" />
      <workItem from="1574487734978" duration="2382000" />
      <workItem from="1574494338141" duration="1621000" />
      <workItem from="1574601432264" duration="457000" />
      <workItem from="1574602046096" duration="19000" />
      <workItem from="1574603118447" duration="57000" />
      <workItem from="1574659796504" duration="3000" />
      <workItem from="1574660258240" duration="60000" />
      <workItem from="1574660326521" duration="344000" />
    </task>
    <servers />
  </component>
  <component name="TypeScriptGeneratedFilesManager">
    <option name="version" value="1" />
  </component>
  <component name="com.intellij.coverage.CoverageDataManagerImpl">
    <SUITE FILE_PATH="coverage/asclo$Tomcat_8_5_45.ic" NAME="Tomcat 8.5.45 Coverage Results" MODIFIED="1573790561325" SOURCE_PROVIDER="com.intellij.coverage.DefaultCoverageFileProvider" RUNNER="idea" COVERAGE_BY_TEST_ENABLED="false" COVERAGE_TRACING_ENABLED="false" />
  </component>
</project>