<component name="libraryTable">
  <library name="JAX-WS-Apache Axis" type="JAX-WS">
    <properties version="Apache Axis" />
    <CLASSES>
      <root url="jar://$PROJECT_DIR$/lib/saaj.jar!/" />
      <root url="jar://$PROJECT_DIR$/lib/commons-logging-1.0.4.jar!/" />
      <root url="jar://$PROJECT_DIR$/lib/jaxrpc.jar!/" />
      <root url="jar://$PROJECT_DIR$/lib/commons-discovery-0.2.jar!/" />
      <root url="jar://$PROJECT_DIR$/lib/log4j-1.2.8.jar!/" />
      <root url="jar://$PROJECT_DIR$/lib/axis.jar!/" />
      <root url="jar://$PROJECT_DIR$/lib/wsdl4j-1.5.1.jar!/" />
      <root url="jar://$PROJECT_DIR$/lib/jsch-0.1.55.jar!/" />
      <root url="jar://$PROJECT_DIR$/lib/mysql-connector-java-5.0.8-bin.jar!/" />
      <root url="jar://C:/Program Files/Tomcat 9.0/lib/servlet-api.jar!/" />
      <root url="jar://$PROJECT_DIR$/lib/cos.jar!/" />
    </CLASSES>
    <JAVADOC />
    <SOURCES />
  </library>
</component>